seed,n_refits,fan_source_mechanism,outcome,model,n_terms,ci_width_mean,ci_width_median,ci_width_p90
20260130,50,percent,fan_vote_index_mean,ols,30,1.1120540692692527,1.0980276476834405,2.3793544094857246
20260130,50,percent,judge_score_pct_mean,ols,30,0.07400554641277407,0.06470149495885735,0.12272031824342146
20260130,100,percent,fan_vote_index_mean,ols,30,1.1881492869210881,1.151702523742283,2.458553839277574
20260130,100,percent,judge_score_pct_mean,ols,30,0.07400554641277407,0.06470149495885735,0.12272031824342146
20260130,200,percent,fan_vote_index_mean,ols,30,1.2234006462452032,1.1969097542910578,2.5588493190382873
20260130,200,percent,judge_score_pct_mean,ols,30,0.07400554641277407,0.06470149495885735,0.12272031824342146
