model,n_folds,n_test_total,epochs_mean,batch_size_mode,lr_mode,accuracy_mean,roc_auc_mean,average_precision_mean,prevalence_mean,accuracy_std,roc_auc_std,average_precision_std,prevalence_std
pytorch_advanced_mlp,5,290,100.0,64,0.001,0.8268429528429528,0.6823273775913528,0.3334343102816114,0.11784384384384383,0.0492979277803927,0.1766978261595283,0.13951931551436886,0.010393455082434762
pytorch_tab_transformer,5,290,100.0,64,0.001,0.8286053526053525,0.6862874679955425,0.3900009236636368,0.11784384384384383,0.03676269349711466,0.11639049691081847,0.07350326106741005,0.010393455082434762
