model_name,seed,cv_accuracy_mean,cv_accuracy_std,train_accuracy,cv_r2_mean,cv_r2_std,train_r2,train_rmse
best_mechanism_classifier,20260130,0.9632275132275131,0.0005291005291005569,0.9705882352941176,,,,
match_rate_percent_regressor,20260130,,,,0.9435914244653933,0.03305563618586438,0.9862410098909844,0.007381083014829163
controversy_rate_regressor,20260130,,,,0.9822420700902104,0.020669386400550025,0.9939977072968211,0.010764347942945162
