model,n_folds,n_test_total,roc_auc_mean,average_precision_mean,accuracy_mean,brier_mean,log_loss_mean,prevalence_mean,roc_auc_std,average_precision_std,accuracy_std,brier_std,log_loss_std,prevalence_std
logreg,34,2767,0.8091616959454914,0.4005001880442616,0.7195349841119367,0.1843678103119486,0.5409739414585588,0.11203515698304935,0.07128163698182377,0.141740107935584,0.0391884849350305,0.022633642486121316,0.0647096137870187,0.02890961737227002
mlp,34,2767,0.5639229496415737,0.2298246587390299,0.8865216174163224,0.14818850934897368,0.47877698572701693,0.11203515698304935,0.08332509863821826,0.10533755715946146,0.02945562254126409,0.026429137827797614,0.058890336211894365,0.02890961737227002
