mechanism,n_configurations,avg_robustness,avg_predictability,avg_fan_influence,pareto_optimal_count
dynamic_weight,34,0.2647058823529411,0.5235294117647058,0.7662324257615034,0
percent,34,0.28235294117647053,0.5352941176470588,0.7759523146812585,0
percent_cap,34,0.2764705882352941,0.5588235294117647,0.7773505930302944,0
percent_judge_save,34,0.2647058823529411,0.5882352941176471,0.8002856234344649,0
percent_log,34,0.21764705882352942,0.5352941176470588,0.7251108830313694,0
percent_sqrt,34,0.27058823529411763,0.5470588235294117,0.7625021606933371,0
rank,34,0.4882352941176471,0.7117647058823531,0.8497753509446914,1
